"Old","New","OldName","NewName"
"C:\Users\rudyv\Documents\COURS GE4\S8\Projet GES8\Rapport\rapport2\images\Schéma global du système.pdf","C:\Users\rudyv\Documents\COURS GE4\S8\Projet GES8\Rapport\rapport2\images\Schema_global_du_systeme.pdf","Schéma global du système.pdf","Schema_global_du_systeme.pdf"
"C:\Users\rudyv\Documents\COURS GE4\S8\Projet GES8\Rapport\rapport2\images\Schéma global du système.png","C:\Users\rudyv\Documents\COURS GE4\S8\Projet GES8\Rapport\rapport2\images\Schema_global_du_systeme.png","Schéma global du système.png","Schema_global_du_systeme.png"
"C:\Users\rudyv\Documents\COURS GE4\S8\Projet GES8\Rapport\rapport2\images\Partie Capteur\01_Cablage Optocoupleur.png","C:\Users\rudyv\Documents\COURS GE4\S8\Projet GES8\Rapport\rapport2\images\Partie Capteur\01_Cablage_Optocoupleur.png","01_Cablage Optocoupleur.png","01_Cablage_Optocoupleur.png"
"C:\Users\rudyv\Documents\COURS GE4\S8\Projet GES8\Rapport\rapport2\images\Partie Capteur\02_Caractéristique_Optocoupleur.png","C:\Users\rudyv\Documents\COURS GE4\S8\Projet GES8\Rapport\rapport2\images\Partie Capteur\02_Caracteristique_Optocoupleur.png","02_Caractéristique_Optocoupleur.png","02_Caracteristique_Optocoupleur.png"
"C:\Users\rudyv\Documents\COURS GE4\S8\Projet GES8\Rapport\rapport2\images\Partie Capteur\03_Schéma_carte_capteurs.pdf","C:\Users\rudyv\Documents\COURS GE4\S8\Projet GES8\Rapport\rapport2\images\Partie Capteur\03_Schema_carte_capteurs.pdf","03_Schéma_carte_capteurs.pdf","03_Schema_carte_capteurs.pdf"
"C:\Users\rudyv\Documents\COURS GE4\S8\Projet GES8\Rapport\rapport2\images\Partie Capteur\03_Schéma_carte_capteurs.pdf_tex","C:\Users\rudyv\Documents\COURS GE4\S8\Projet GES8\Rapport\rapport2\images\Partie Capteur\03_Schema_carte_capteurs.pdf_tex","03_Schéma_carte_capteurs.pdf_tex","03_Schema_carte_capteurs.pdf_tex"
"C:\Users\rudyv\Documents\COURS GE4\S8\Projet GES8\Rapport\rapport2\images\Partie Capteur\03_Schéma_carte_capteurs.svg","C:\Users\rudyv\Documents\COURS GE4\S8\Projet GES8\Rapport\rapport2\images\Partie Capteur\03_Schema_carte_capteurs.svg","03_Schéma_carte_capteurs.svg","03_Schema_carte_capteurs.svg"
"C:\Users\rudyv\Documents\COURS GE4\S8\Projet GES8\Rapport\rapport2\images\Partie Carte Lumière\01_Schéma Carte Commande Lumiere_V2.pdf","C:\Users\rudyv\Documents\COURS GE4\S8\Projet GES8\Rapport\rapport2\images\Partie Carte Lumière\01_Schema_Carte_Commande_Lumiere_V2.pdf","01_Schéma Carte Commande Lumiere_V2.pdf","01_Schema_Carte_Commande_Lumiere_V2.pdf"
"C:\Users\rudyv\Documents\COURS GE4\S8\Projet GES8\Rapport\rapport2\images\Partie Carte Lumière\01_Schéma Carte Commande Lumiere_V2.pdf_tex","C:\Users\rudyv\Documents\COURS GE4\S8\Projet GES8\Rapport\rapport2\images\Partie Carte Lumière\01_Schema_Carte_Commande_Lumiere_V2.pdf_tex","01_Schéma Carte Commande Lumiere_V2.pdf_tex","01_Schema_Carte_Commande_Lumiere_V2.pdf_tex"
"C:\Users\rudyv\Documents\COURS GE4\S8\Projet GES8\Rapport\rapport2\images\Partie Carte Lumière\01_Schéma Carte Commande Lumiere_V2.png","C:\Users\rudyv\Documents\COURS GE4\S8\Projet GES8\Rapport\rapport2\images\Partie Carte Lumière\01_Schema_Carte_Commande_Lumiere_V2.png","01_Schéma Carte Commande Lumiere_V2.png","01_Schema_Carte_Commande_Lumiere_V2.png"
"C:\Users\rudyv\Documents\COURS GE4\S8\Projet GES8\Rapport\rapport2\images\Partie Carte Lumière\01_Schéma Carte Commande Lumiere_V2.svg","C:\Users\rudyv\Documents\COURS GE4\S8\Projet GES8\Rapport\rapport2\images\Partie Carte Lumière\01_Schema_Carte_Commande_Lumiere_V2.svg","01_Schéma Carte Commande Lumiere_V2.svg","01_Schema_Carte_Commande_Lumiere_V2.svg"
"C:\Users\rudyv\Documents\COURS GE4\S8\Projet GES8\Rapport\rapport2\images\Partie Carte Relais\01_Schéma Carte Relais.pdf","C:\Users\rudyv\Documents\COURS GE4\S8\Projet GES8\Rapport\rapport2\images\Partie Carte Relais\01_Schema_Carte_Relais.pdf","01_Schéma Carte Relais.pdf","01_Schema_Carte_Relais.pdf"
"C:\Users\rudyv\Documents\COURS GE4\S8\Projet GES8\Rapport\rapport2\images\Partie Carte Relais\01_Schéma Carte Relais.pdf_tex","C:\Users\rudyv\Documents\COURS GE4\S8\Projet GES8\Rapport\rapport2\images\Partie Carte Relais\01_Schema_Carte_Relais.pdf_tex","01_Schéma Carte Relais.pdf_tex","01_Schema_Carte_Relais.pdf_tex"
"C:\Users\rudyv\Documents\COURS GE4\S8\Projet GES8\Rapport\rapport2\images\Partie Carte Relais\01_Schéma Carte Relais.svg","C:\Users\rudyv\Documents\COURS GE4\S8\Projet GES8\Rapport\rapport2\images\Partie Carte Relais\01_Schema_Carte_Relais.svg","01_Schéma Carte Relais.svg","01_Schema_Carte_Relais.svg"
"C:\Users\rudyv\Documents\COURS GE4\S8\Projet GES8\Rapport\rapport2\images\Partie Carte Relais\02_PCB carte relais.png","C:\Users\rudyv\Documents\COURS GE4\S8\Projet GES8\Rapport\rapport2\images\Partie Carte Relais\02_PCB_carte_relais.png","02_PCB carte relais.png","02_PCB_carte_relais.png"
"C:\Users\rudyv\Documents\COURS GE4\S8\Projet GES8\Rapport\rapport2\images\Partie Filtre ALIM\01_Schéma extrait de la datasheet.png","C:\Users\rudyv\Documents\COURS GE4\S8\Projet GES8\Rapport\rapport2\images\Partie Filtre ALIM\01_Schema_extrait_de_la_datasheet.png","01_Schéma extrait de la datasheet.png","01_Schema_extrait_de_la_datasheet.png"
"C:\Users\rudyv\Documents\COURS GE4\S8\Projet GES8\Rapport\rapport2\images\Partie Filtre ALIM\02_Schema Proteus.pdf","C:\Users\rudyv\Documents\COURS GE4\S8\Projet GES8\Rapport\rapport2\images\Partie Filtre ALIM\02_Schema_Proteus.pdf","02_Schema Proteus.pdf","02_Schema_Proteus.pdf"
"C:\Users\rudyv\Documents\COURS GE4\S8\Projet GES8\Rapport\rapport2\images\Partie Filtre ALIM\02_Schema Proteus.pdf_tex","C:\Users\rudyv\Documents\COURS GE4\S8\Projet GES8\Rapport\rapport2\images\Partie Filtre ALIM\02_Schema_Proteus.pdf_tex","02_Schema Proteus.pdf_tex","02_Schema_Proteus.pdf_tex"
"C:\Users\rudyv\Documents\COURS GE4\S8\Projet GES8\Rapport\rapport2\images\Partie Filtre ALIM\02_Schema Proteus.svg","C:\Users\rudyv\Documents\COURS GE4\S8\Projet GES8\Rapport\rapport2\images\Partie Filtre ALIM\02_Schema_Proteus.svg","02_Schema Proteus.svg","02_Schema_Proteus.svg"
"C:\Users\rudyv\Documents\COURS GE4\S8\Projet GES8\Rapport\rapport2\images\Partie IHM\01_Synoptique de la chaîne de traitement.png","C:\Users\rudyv\Documents\COURS GE4\S8\Projet GES8\Rapport\rapport2\images\Partie IHM\01_Synoptique_de_la_chaine_de_traitement.png","01_Synoptique de la chaîne de traitement.png","01_Synoptique_de_la_chaine_de_traitement.png"
"C:\Users\rudyv\Documents\COURS GE4\S8\Projet GES8\Rapport\rapport2\images\Partie IHM\02_Organigramme Node RED.png","C:\Users\rudyv\Documents\COURS GE4\S8\Projet GES8\Rapport\rapport2\images\Partie IHM\02_Organigramme_Node_RED.png","02_Organigramme Node RED.png","02_Organigramme_Node_RED.png"
"C:\Users\rudyv\Documents\COURS GE4\S8\Projet GES8\Rapport\rapport2\images\Partie Luminaires\01_Schéma filtre CEM.png","C:\Users\rudyv\Documents\COURS GE4\S8\Projet GES8\Rapport\rapport2\images\Partie Luminaires\01_Schema_filtre_CEM.png","01_Schéma filtre CEM.png","01_Schema_filtre_CEM.png"
"C:\Users\rudyv\Documents\COURS GE4\S8\Projet GES8\Rapport\rapport2\images\Partie Luminaires\02_Schéma proteus.pdf","C:\Users\rudyv\Documents\COURS GE4\S8\Projet GES8\Rapport\rapport2\images\Partie Luminaires\02_Schema_proteus.pdf","02_Schéma proteus.pdf","02_Schema_proteus.pdf"
"C:\Users\rudyv\Documents\COURS GE4\S8\Projet GES8\Rapport\rapport2\images\Partie Luminaires\02_Schéma proteus.pdf_tex","C:\Users\rudyv\Documents\COURS GE4\S8\Projet GES8\Rapport\rapport2\images\Partie Luminaires\02_Schema_proteus.pdf_tex","02_Schéma proteus.pdf_tex","02_Schema_proteus.pdf_tex"
"C:\Users\rudyv\Documents\COURS GE4\S8\Projet GES8\Rapport\rapport2\images\Partie Luminaires\02_Schéma proteus.svg","C:\Users\rudyv\Documents\COURS GE4\S8\Projet GES8\Rapport\rapport2\images\Partie Luminaires\02_Schema_proteus.svg","02_Schéma proteus.svg","02_Schema_proteus.svg"
"C:\Users\rudyv\Documents\COURS GE4\S8\Projet GES8\Rapport\rapport2\images\Partie Luminaires\03_Routage du filtre du convertisseur pour les luminaires.png","C:\Users\rudyv\Documents\COURS GE4\S8\Projet GES8\Rapport\rapport2\images\Partie Luminaires\03_Routage_du_filtre_du_convertisseur_pour_les_luminaires.png","03_Routage du filtre du convertisseur pour les luminaires.png","03_Routage_du_filtre_du_convertisseur_pour_les_luminaires.png"
"C:\Users\rudyv\Documents\COURS GE4\S8\Projet GES8\Rapport\rapport2\images\Partie Microcontroleur et Bus CAN\01_Schéma_PIC_periphérique.pdf","C:\Users\rudyv\Documents\COURS GE4\S8\Projet GES8\Rapport\rapport2\images\Partie Microcontroleur et Bus CAN\01_Schema_PIC_peripherique.pdf","01_Schéma_PIC_periphérique.pdf","01_Schema_PIC_peripherique.pdf"
"C:\Users\rudyv\Documents\COURS GE4\S8\Projet GES8\Rapport\rapport2\images\Partie Microcontroleur et Bus CAN\01_Schéma_PIC_periphérique.pdf_tex","C:\Users\rudyv\Documents\COURS GE4\S8\Projet GES8\Rapport\rapport2\images\Partie Microcontroleur et Bus CAN\01_Schema_PIC_peripherique.pdf_tex","01_Schéma_PIC_periphérique.pdf_tex","01_Schema_PIC_peripherique.pdf_tex"
"C:\Users\rudyv\Documents\COURS GE4\S8\Projet GES8\Rapport\rapport2\images\Partie Microcontroleur et Bus CAN\01_Schéma_PIC_periphérique.svg","C:\Users\rudyv\Documents\COURS GE4\S8\Projet GES8\Rapport\rapport2\images\Partie Microcontroleur et Bus CAN\01_Schema_PIC_peripherique.svg","01_Schéma_PIC_periphérique.svg","01_Schema_PIC_peripherique.svg"
"C:\Users\rudyv\Documents\COURS GE4\S8\Projet GES8\Rapport\rapport2\images\Partie MPPT\Capacité de découplage issue de la datasheet du driver.png","C:\Users\rudyv\Documents\COURS GE4\S8\Projet GES8\Rapport\rapport2\images\Partie MPPT\Capacite_de_decouplage_issue_de_la_datasheet_du_driver.png","Capacité de découplage issue de la datasheet du driver.png","Capacite_de_decouplage_issue_de_la_datasheet_du_driver.png"
"C:\Users\rudyv\Documents\COURS GE4\S8\Projet GES8\Rapport\rapport2\images\Partie MPPT\Comparaison datasheet et tableau de contrainte.png","C:\Users\rudyv\Documents\COURS GE4\S8\Projet GES8\Rapport\rapport2\images\Partie MPPT\Comparaison_datasheet_et_tableau_de_contrainte.png","Comparaison datasheet et tableau de contrainte.png","Comparaison_datasheet_et_tableau_de_contrainte.png"
"C:\Users\rudyv\Documents\COURS GE4\S8\Projet GES8\Rapport\rapport2\images\Partie MPPT\Datasheet Bourns 33µH.png","C:\Users\rudyv\Documents\COURS GE4\S8\Projet GES8\Rapport\rapport2\images\Partie MPPT\Datasheet_Bourns_33µH.png","Datasheet Bourns 33µH.png","Datasheet_Bourns_33µH.png"
"C:\Users\rudyv\Documents\COURS GE4\S8\Projet GES8\Rapport\rapport2\images\Partie MPPT\Datasheet de la solution retenue.png","C:\Users\rudyv\Documents\COURS GE4\S8\Projet GES8\Rapport\rapport2\images\Partie MPPT\Datasheet_de_la_solution_retenue.png","Datasheet de la solution retenue.png","Datasheet_de_la_solution_retenue.png"
"C:\Users\rudyv\Documents\COURS GE4\S8\Projet GES8\Rapport\rapport2\images\Partie MPPT\Datasheet inductance Bourns proposé par le professeur.png","C:\Users\rudyv\Documents\COURS GE4\S8\Projet GES8\Rapport\rapport2\images\Partie MPPT\Datasheet_inductance_Bourns_propose_par_le_professeur.png","Datasheet inductance Bourns proposé par le professeur.png","Datasheet_inductance_Bourns_propose_par_le_professeur.png"
"C:\Users\rudyv\Documents\COURS GE4\S8\Projet GES8\Rapport\rapport2\images\Partie MPPT\Filtre issu de la datasheet du convertisseur.png","C:\Users\rudyv\Documents\COURS GE4\S8\Projet GES8\Rapport\rapport2\images\Partie MPPT\Filtre_issu_de_la_datasheet_du_convertisseur.png","Filtre issu de la datasheet du convertisseur.png","Filtre_issu_de_la_datasheet_du_convertisseur.png"
"C:\Users\rudyv\Documents\COURS GE4\S8\Projet GES8\Rapport\rapport2\images\Partie MPPT\Graphe comparant Pentree et Psortie de la solution retenue.png","C:\Users\rudyv\Documents\COURS GE4\S8\Projet GES8\Rapport\rapport2\images\Partie MPPT\Graphe_comparant_Pentree_et_Psortie_de_la_solution_retenue.png","Graphe comparant Pentree et Psortie de la solution retenue.png","Graphe_comparant_Pentree_et_Psortie_de_la_solution_retenue.png"
"C:\Users\rudyv\Documents\COURS GE4\S8\Projet GES8\Rapport\rapport2\images\Partie MPPT\Graphe comparant Pentree et Psortie.png","C:\Users\rudyv\Documents\COURS GE4\S8\Projet GES8\Rapport\rapport2\images\Partie MPPT\Graphe_comparant_Pentree_et_Psortie.png","Graphe comparant Pentree et Psortie.png","Graphe_comparant_Pentree_et_Psortie.png"
"C:\Users\rudyv\Documents\COURS GE4\S8\Projet GES8\Rapport\rapport2\images\Partie MPPT\Graphes obtenus après implémentation de l'algorithme P&O.png","C:\Users\rudyv\Documents\COURS GE4\S8\Projet GES8\Rapport\rapport2\images\Partie MPPT\Graphes_obtenus_apres_implementation_de_l_algorithme_P_O.png","Graphes obtenus après implémentation de l'algorithme P&O.png","Graphes_obtenus_apres_implementation_de_l_algorithme_P_O.png"
"C:\Users\rudyv\Documents\COURS GE4\S8\Projet GES8\Rapport\rapport2\images\Partie MPPT\PCB Final Carte commande MPPT.png","C:\Users\rudyv\Documents\COURS GE4\S8\Projet GES8\Rapport\rapport2\images\Partie MPPT\PCB_Final_Carte_commande_MPPT.png","PCB Final Carte commande MPPT.png","PCB_Final_Carte_commande_MPPT.png"
"C:\Users\rudyv\Documents\COURS GE4\S8\Projet GES8\Rapport\rapport2\images\Partie MPPT\PCB final partie commande.png","C:\Users\rudyv\Documents\COURS GE4\S8\Projet GES8\Rapport\rapport2\images\Partie MPPT\PCB_final_partie_commande.png","PCB final partie commande.png","PCB_final_partie_commande.png"
"C:\Users\rudyv\Documents\COURS GE4\S8\Projet GES8\Rapport\rapport2\images\Partie MPPT\PCB final partie puissance.png","C:\Users\rudyv\Documents\COURS GE4\S8\Projet GES8\Rapport\rapport2\images\Partie MPPT\PCB_final_partie_puissance.png","PCB final partie puissance.png","PCB_final_partie_puissance.png"
"C:\Users\rudyv\Documents\COURS GE4\S8\Projet GES8\Rapport\rapport2\images\Partie MPPT\Premier PCB partie commande.png","C:\Users\rudyv\Documents\COURS GE4\S8\Projet GES8\Rapport\rapport2\images\Partie MPPT\Premier_PCB_partie_commande.png","Premier PCB partie commande.png","Premier_PCB_partie_commande.png"
"C:\Users\rudyv\Documents\COURS GE4\S8\Projet GES8\Rapport\rapport2\images\Partie MPPT\Premier PCB Puissance.png","C:\Users\rudyv\Documents\COURS GE4\S8\Projet GES8\Rapport\rapport2\images\Partie MPPT\Premier_PCB_Puissance.png","Premier PCB Puissance.png","Premier_PCB_Puissance.png"
"C:\Users\rudyv\Documents\COURS GE4\S8\Projet GES8\Rapport\rapport2\images\Partie MPPT\Premier schéma de cablâge partie commande.png","C:\Users\rudyv\Documents\COURS GE4\S8\Projet GES8\Rapport\rapport2\images\Partie MPPT\Premier_schema_de_cablage_partie_commande.png","Premier schéma de cablâge partie commande.png","Premier_schema_de_cablage_partie_commande.png"
"C:\Users\rudyv\Documents\COURS GE4\S8\Projet GES8\Rapport\rapport2\images\Partie MPPT\Programme de l_algorithme P&O.png","C:\Users\rudyv\Documents\COURS GE4\S8\Projet GES8\Rapport\rapport2\images\Partie MPPT\Programme_de_l_algorithme_P_O.png","Programme de l_algorithme P&O.png","Programme_de_l_algorithme_P_O.png"
"C:\Users\rudyv\Documents\COURS GE4\S8\Projet GES8\Rapport\rapport2\images\Partie MPPT\Répartition des cartes.png","C:\Users\rudyv\Documents\COURS GE4\S8\Projet GES8\Rapport\rapport2\images\Partie MPPT\Repartition_des_cartes.png","Répartition des cartes.png","Repartition_des_cartes.png"
"C:\Users\rudyv\Documents\COURS GE4\S8\Projet GES8\Rapport\rapport2\images\Partie MPPT\Schéma commande MPPT.pdf","C:\Users\rudyv\Documents\COURS GE4\S8\Projet GES8\Rapport\rapport2\images\Partie MPPT\Schema_commande_MPPT.pdf","Schéma commande MPPT.pdf","Schema_commande_MPPT.pdf"
"C:\Users\rudyv\Documents\COURS GE4\S8\Projet GES8\Rapport\rapport2\images\Partie MPPT\Schéma commande MPPT.pdf_tex","C:\Users\rudyv\Documents\COURS GE4\S8\Projet GES8\Rapport\rapport2\images\Partie MPPT\Schema_commande_MPPT.pdf_tex","Schéma commande MPPT.pdf_tex","Schema_commande_MPPT.pdf_tex"
"C:\Users\rudyv\Documents\COURS GE4\S8\Projet GES8\Rapport\rapport2\images\Partie MPPT\Schéma commande MPPT.svg","C:\Users\rudyv\Documents\COURS GE4\S8\Projet GES8\Rapport\rapport2\images\Partie MPPT\Schema_commande_MPPT.svg","Schéma commande MPPT.svg","Schema_commande_MPPT.svg"
"C:\Users\rudyv\Documents\COURS GE4\S8\Projet GES8\Rapport\rapport2\images\Partie MPPT\Schéma de câblage final de la partie commande.png","C:\Users\rudyv\Documents\COURS GE4\S8\Projet GES8\Rapport\rapport2\images\Partie MPPT\Schema_de_cablage_final_de_la_partie_commande.png","Schéma de câblage final de la partie commande.png","Schema_de_cablage_final_de_la_partie_commande.png"
"C:\Users\rudyv\Documents\COURS GE4\S8\Projet GES8\Rapport\rapport2\images\Partie MPPT\Schéma de câblage final de la puissance.png","C:\Users\rudyv\Documents\COURS GE4\S8\Projet GES8\Rapport\rapport2\images\Partie MPPT\Schema_de_cablage_final_de_la_puissance.png","Schéma de câblage final de la puissance.png","Schema_de_cablage_final_de_la_puissance.png"
"C:\Users\rudyv\Documents\COURS GE4\S8\Projet GES8\Rapport\rapport2\images\Partie MPPT\Schéma de câblage, carte puissance première ébauche.png","C:\Users\rudyv\Documents\COURS GE4\S8\Projet GES8\Rapport\rapport2\images\Partie MPPT\Schema_de_cablage__carte_puissance_premiere_ebauche.png","Schéma de câblage, carte puissance première ébauche.png","Schema_de_cablage__carte_puissance_premiere_ebauche.png"
"C:\Users\rudyv\Documents\COURS GE4\S8\Projet GES8\Rapport\rapport2\images\Partie MPPT\Schéma éq 0 à t.png","C:\Users\rudyv\Documents\COURS GE4\S8\Projet GES8\Rapport\rapport2\images\Partie MPPT\Schema_eq_0_a_t.png","Schéma éq 0 à t.png","Schema_eq_0_a_t.png"
"C:\Users\rudyv\Documents\COURS GE4\S8\Projet GES8\Rapport\rapport2\images\Partie MPPT\Schéma eq alphaT à t.png","C:\Users\rudyv\Documents\COURS GE4\S8\Projet GES8\Rapport\rapport2\images\Partie MPPT\Schema_eq_alphaT_a_t.png","Schéma eq alphaT à t.png","Schema_eq_alphaT_a_t.png"
"C:\Users\rudyv\Documents\COURS GE4\S8\Projet GES8\Rapport\rapport2\images\Partie MPPT\Schéma PSIM de la première étude.png","C:\Users\rudyv\Documents\COURS GE4\S8\Projet GES8\Rapport\rapport2\images\Partie MPPT\Schema_PSIM_de_la_premiere_etude.png","Schéma PSIM de la première étude.png","Schema_PSIM_de_la_premiere_etude.png"
"C:\Users\rudyv\Documents\COURS GE4\S8\Projet GES8\Rapport\rapport2\images\Partie MPPT\Schéma PSIM de la solution retenue.png","C:\Users\rudyv\Documents\COURS GE4\S8\Projet GES8\Rapport\rapport2\images\Partie MPPT\Schema_PSIM_de_la_solution_retenue.png","Schéma PSIM de la solution retenue.png","Schema_PSIM_de_la_solution_retenue.png"
"C:\Users\rudyv\Documents\COURS GE4\S8\Projet GES8\Rapport\rapport2\images\Partie MPPT\Schéma PSIM du pire cas possible.png","C:\Users\rudyv\Documents\COURS GE4\S8\Projet GES8\Rapport\rapport2\images\Partie MPPT\Schema_PSIM_du_pire_cas_possible.png","Schéma PSIM du pire cas possible.png","Schema_PSIM_du_pire_cas_possible.png"
"C:\Users\rudyv\Documents\COURS GE4\S8\Projet GES8\Rapport\rapport2\images\Partie MPPT\Schéma PSIM en BF.png","C:\Users\rudyv\Documents\COURS GE4\S8\Projet GES8\Rapport\rapport2\images\Partie MPPT\Schema_PSIM_en_BF.png","Schéma PSIM en BF.png","Schema_PSIM_en_BF.png"
"C:\Users\rudyv\Documents\COURS GE4\S8\Projet GES8\Rapport\rapport2\images\Partie MPPT\Schéma puissance MPPT.pdf","C:\Users\rudyv\Documents\COURS GE4\S8\Projet GES8\Rapport\rapport2\images\Partie MPPT\Schema_puissance_MPPT.pdf","Schéma puissance MPPT.pdf","Schema_puissance_MPPT.pdf"
"C:\Users\rudyv\Documents\COURS GE4\S8\Projet GES8\Rapport\rapport2\images\Partie MPPT\Schéma puissance MPPT.pdf_tex","C:\Users\rudyv\Documents\COURS GE4\S8\Projet GES8\Rapport\rapport2\images\Partie MPPT\Schema_puissance_MPPT.pdf_tex","Schéma puissance MPPT.pdf_tex","Schema_puissance_MPPT.pdf_tex"
"C:\Users\rudyv\Documents\COURS GE4\S8\Projet GES8\Rapport\rapport2\images\Partie MPPT\Schéma puissance MPPT.svg","C:\Users\rudyv\Documents\COURS GE4\S8\Projet GES8\Rapport\rapport2\images\Partie MPPT\Schema_puissance_MPPT.svg","Schéma puissance MPPT.svg","Schema_puissance_MPPT.svg"
"C:\Users\rudyv\Documents\COURS GE4\S8\Projet GES8\Rapport\rapport2\images\Partie MPPT\Tableau de comparaison des algorithmes.png","C:\Users\rudyv\Documents\COURS GE4\S8\Projet GES8\Rapport\rapport2\images\Partie MPPT\Tableau_de_comparaison_des_algorithmes.png","Tableau de comparaison des algorithmes.png","Tableau_de_comparaison_des_algorithmes.png"
"C:\Users\rudyv\Documents\COURS GE4\S8\Projet GES8\Rapport\rapport2\images\Partie MPPT\Tableau des contraintes pour L1 et L2.png","C:\Users\rudyv\Documents\COURS GE4\S8\Projet GES8\Rapport\rapport2\images\Partie MPPT\Tableau_des_contraintes_pour_L1_et_L2.png","Tableau des contraintes pour L1 et L2.png","Tableau_des_contraintes_pour_L1_et_L2.png"
"C:\Users\rudyv\Documents\COURS GE4\S8\Projet GES8\Rapport\rapport2\images\Partie MPPT\Tableau des contraintes.png","C:\Users\rudyv\Documents\COURS GE4\S8\Projet GES8\Rapport\rapport2\images\Partie MPPT\Tableau_des_contraintes.png","Tableau des contraintes.png","Tableau_des_contraintes.png"
"C:\Users\rudyv\Documents\COURS GE4\S8\Projet GES8\Rapport\rapport2\images\Partie MPPT\V2 PCB partie commande.png","C:\Users\rudyv\Documents\COURS GE4\S8\Projet GES8\Rapport\rapport2\images\Partie MPPT\V2_PCB_partie_commande.png","V2 PCB partie commande.png","V2_PCB_partie_commande.png"
"C:\Users\rudyv\Documents\COURS GE4\S8\Projet GES8\Rapport\rapport2\images\Partie MPPT\Variation de la capacité en fonction de la tension pour Ce.png","C:\Users\rudyv\Documents\COURS GE4\S8\Projet GES8\Rapport\rapport2\images\Partie MPPT\Variation_de_la_capacite_en_fonction_de_la_tension_pour_Ce.png","Variation de la capacité en fonction de la tension pour Ce.png","Variation_de_la_capacite_en_fonction_de_la_tension_pour_Ce.png"
"C:\Users\rudyv\Documents\COURS GE4\S8\Projet GES8\Rapport\rapport2\images\Partie MPPT\Variation de la capacité en fonction de la tension pour la capacité du filtre.png","C:\Users\rudyv\Documents\COURS GE4\S8\Projet GES8\Rapport\rapport2\images\Partie MPPT\Variation_de_la_capacite_en_fonction_de_la_tension_pour_la_capacite_du_filtre.png","Variation de la capacité en fonction de la tension pour la capacité du filtre.png","Variation_de_la_capacite_en_fonction_de_la_tension_pour_la_capacite_du_filtre.png"
"C:\Users\rudyv\Documents\COURS GE4\S8\Projet GES8\Rapport\rapport2\images\Partie MPPT\Variation de la température en fonction du courant ondulatoire pour Ce.png","C:\Users\rudyv\Documents\COURS GE4\S8\Projet GES8\Rapport\rapport2\images\Partie MPPT\Variation_de_la_temperature_en_fonction_du_courant_ondulatoire_pour_Ce.png","Variation de la température en fonction du courant ondulatoire pour Ce.png","Variation_de_la_temperature_en_fonction_du_courant_ondulatoire_pour_Ce.png"
"C:\Users\rudyv\Documents\COURS GE4\S8\Projet GES8\Rapport\rapport2\images\Partie PD3\Caractéristique courant-tension diode Schottky.png","C:\Users\rudyv\Documents\COURS GE4\S8\Projet GES8\Rapport\rapport2\images\Partie PD3\Caracteristique_courant-tension_diode_Schottky.png","Caractéristique courant-tension diode Schottky.png","Caracteristique_courant-tension_diode_Schottky.png"
"C:\Users\rudyv\Documents\COURS GE4\S8\Projet GES8\Rapport\rapport2\images\Partie PD3\Caractéristiques thermiques V35PW22.png","C:\Users\rudyv\Documents\COURS GE4\S8\Projet GES8\Rapport\rapport2\images\Partie PD3\Caracteristiques_thermiques_V35PW22.png","Caractéristiques thermiques V35PW22.png","Caracteristiques_thermiques_V35PW22.png"
"C:\Users\rudyv\Documents\COURS GE4\S8\Projet GES8\Rapport\rapport2\images\Partie PD3\Montage P3.png","C:\Users\rudyv\Documents\COURS GE4\S8\Projet GES8\Rapport\rapport2\images\Partie PD3\Montage_P3.png","Montage P3.png","Montage_P3.png"
"C:\Users\rudyv\Documents\COURS GE4\S8\Projet GES8\Rapport\rapport2\images\Partie PD3\Montage PD3.png","C:\Users\rudyv\Documents\COURS GE4\S8\Projet GES8\Rapport\rapport2\images\Partie PD3\Montage_PD3.png","Montage PD3.png","Montage_PD3.png"
"C:\Users\rudyv\Documents\COURS GE4\S8\Projet GES8\Rapport\rapport2\images\Partie PD3\Montage S3.png","C:\Users\rudyv\Documents\COURS GE4\S8\Projet GES8\Rapport\rapport2\images\Partie PD3\Montage_S3.png","Montage S3.png","Montage_S3.png"
"C:\Users\rudyv\Documents\COURS GE4\S8\Projet GES8\Rapport\rapport2\images\Partie PD3\PCB PD3.png","C:\Users\rudyv\Documents\COURS GE4\S8\Projet GES8\Rapport\rapport2\images\Partie PD3\PCB_PD3.png","PCB PD3.png","PCB_PD3.png"
"C:\Users\rudyv\Documents\COURS GE4\S8\Projet GES8\Rapport\rapport2\images\Partie PD3\Représentation des redresseurs commandés.png","C:\Users\rudyv\Documents\COURS GE4\S8\Projet GES8\Rapport\rapport2\images\Partie PD3\Representation_des_redresseurs_commandes.png","Représentation des redresseurs commandés.png","Representation_des_redresseurs_commandes.png"
"C:\Users\rudyv\Documents\COURS GE4\S8\Projet GES8\Rapport\rapport2\images\Partie PD3\Résultats de simulation - courants dans les diodes.png","C:\Users\rudyv\Documents\COURS GE4\S8\Projet GES8\Rapport\rapport2\images\Partie PD3\Resultats_de_simulation_-_courants_dans_les_diodes.png","Résultats de simulation - courants dans les diodes.png","Resultats_de_simulation_-_courants_dans_les_diodes.png"
"C:\Users\rudyv\Documents\COURS GE4\S8\Projet GES8\Rapport\rapport2\images\Partie PD3\Schéma proteus PD3.png","C:\Users\rudyv\Documents\COURS GE4\S8\Projet GES8\Rapport\rapport2\images\Partie PD3\Schema_proteus_PD3.png","Schéma proteus PD3.png","Schema_proteus_PD3.png"
"C:\Users\rudyv\Documents\COURS GE4\S8\Projet GES8\Rapport\rapport2\images\Partie Rice cooker\01_Schéma hacheur entrelacé.png","C:\Users\rudyv\Documents\COURS GE4\S8\Projet GES8\Rapport\rapport2\images\Partie Rice cooker\01_Schema_hacheur_entrelace.png","01_Schéma hacheur entrelacé.png","01_Schema_hacheur_entrelace.png"
"C:\Users\rudyv\Documents\COURS GE4\S8\Projet GES8\Rapport\rapport2\images\Partie Rice cooker\02_Schéma hacheur dual boost T.png","C:\Users\rudyv\Documents\COURS GE4\S8\Projet GES8\Rapport\rapport2\images\Partie Rice cooker\02_Schema_hacheur_dual_boost_T.png","02_Schéma hacheur dual boost T.png","02_Schema_hacheur_dual_boost_T.png"
"C:\Users\rudyv\Documents\COURS GE4\S8\Projet GES8\Rapport\rapport2\images\Partie Rice cooker\03_dual boost T petit signaux1.png","C:\Users\rudyv\Documents\COURS GE4\S8\Projet GES8\Rapport\rapport2\images\Partie Rice cooker\03_dual_boost_T_petit_signaux1.png","03_dual boost T petit signaux1.png","03_dual_boost_T_petit_signaux1.png"
"C:\Users\rudyv\Documents\COURS GE4\S8\Projet GES8\Rapport\rapport2\images\Partie Rice cooker\04_dual boost T petit signaux 2.png","C:\Users\rudyv\Documents\COURS GE4\S8\Projet GES8\Rapport\rapport2\images\Partie Rice cooker\04_dual_boost_T_petit_signaux_2.png","04_dual boost T petit signaux 2.png","04_dual_boost_T_petit_signaux_2.png"
"C:\Users\rudyv\Documents\COURS GE4\S8\Projet GES8\Rapport\rapport2\images\Partie Rice cooker\05_Schéma hacheur entrelacé PSIM.png","C:\Users\rudyv\Documents\COURS GE4\S8\Projet GES8\Rapport\rapport2\images\Partie Rice cooker\05_Schema_hacheur_entrelace_PSIM.png","05_Schéma hacheur entrelacé PSIM.png","05_Schema_hacheur_entrelace_PSIM.png"
"C:\Users\rudyv\Documents\COURS GE4\S8\Projet GES8\Rapport\rapport2\images\Partie Rice cooker\06_Simulation puissance sortie Hacheur entrelacé.png","C:\Users\rudyv\Documents\COURS GE4\S8\Projet GES8\Rapport\rapport2\images\Partie Rice cooker\06_Simulation_puissance_sortie_Hacheur_entrelace.png","06_Simulation puissance sortie Hacheur entrelacé.png","06_Simulation_puissance_sortie_Hacheur_entrelace.png"
"C:\Users\rudyv\Documents\COURS GE4\S8\Projet GES8\Rapport\rapport2\images\Partie Rice cooker\07_Simulation courant et tension dans la bobine , hacheur entrelacé.png","C:\Users\rudyv\Documents\COURS GE4\S8\Projet GES8\Rapport\rapport2\images\Partie Rice cooker\07_Simulation_courant_et_tension_dans_la_bobine___hacheur_entrelace.png","07_Simulation courant et tension dans la bobine , hacheur entrelacé.png","07_Simulation_courant_et_tension_dans_la_bobine___hacheur_entrelace.png"
"C:\Users\rudyv\Documents\COURS GE4\S8\Projet GES8\Rapport\rapport2\images\Partie Rice cooker\08_Ice hacheur entrelacé.png","C:\Users\rudyv\Documents\COURS GE4\S8\Projet GES8\Rapport\rapport2\images\Partie Rice cooker\08_Ice_hacheur_entrelace.png","08_Ice hacheur entrelacé.png","08_Ice_hacheur_entrelace.png"
"C:\Users\rudyv\Documents\COURS GE4\S8\Projet GES8\Rapport\rapport2\images\Partie Rice cooker\09_Ics hacheur entrelacé.png","C:\Users\rudyv\Documents\COURS GE4\S8\Projet GES8\Rapport\rapport2\images\Partie Rice cooker\09_Ics_hacheur_entrelace.png","09_Ics hacheur entrelacé.png","09_Ics_hacheur_entrelace.png"
"C:\Users\rudyv\Documents\COURS GE4\S8\Projet GES8\Rapport\rapport2\images\Partie Rice cooker\10_It1 hacheur entrelacé.png","C:\Users\rudyv\Documents\COURS GE4\S8\Projet GES8\Rapport\rapport2\images\Partie Rice cooker\10_It1_hacheur_entrelace.png","10_It1 hacheur entrelacé.png","10_It1_hacheur_entrelace.png"
"C:\Users\rudyv\Documents\COURS GE4\S8\Projet GES8\Rapport\rapport2\images\Partie Rice cooker\11_ID1 VT1 hacheur entrelacé.png","C:\Users\rudyv\Documents\COURS GE4\S8\Projet GES8\Rapport\rapport2\images\Partie Rice cooker\11_ID1_VT1_hacheur_entrelace.png","11_ID1 VT1 hacheur entrelacé.png","11_ID1_VT1_hacheur_entrelace.png"
"C:\Users\rudyv\Documents\COURS GE4\S8\Projet GES8\Rapport\rapport2\images\Partie Rice cooker\12_Schéma hacheur dual boost simulation.png","C:\Users\rudyv\Documents\COURS GE4\S8\Projet GES8\Rapport\rapport2\images\Partie Rice cooker\12_Schema_hacheur_dual_boost_simulation.png","12_Schéma hacheur dual boost simulation.png","12_Schema_hacheur_dual_boost_simulation.png"
"C:\Users\rudyv\Documents\COURS GE4\S8\Projet GES8\Rapport\rapport2\images\Partie Rice cooker\13_Puissance charge sans rampe.png","C:\Users\rudyv\Documents\COURS GE4\S8\Projet GES8\Rapport\rapport2\images\Partie Rice cooker\13_Puissance_charge_sans_rampe.png","13_Puissance charge sans rampe.png","13_Puissance_charge_sans_rampe.png"
"C:\Users\rudyv\Documents\COURS GE4\S8\Projet GES8\Rapport\rapport2\images\Partie Rice cooker\14_Puissance charge avec rampe.png","C:\Users\rudyv\Documents\COURS GE4\S8\Projet GES8\Rapport\rapport2\images\Partie Rice cooker\14_Puissance_charge_avec_rampe.png","14_Puissance charge avec rampe.png","14_Puissance_charge_avec_rampe.png"
"C:\Users\rudyv\Documents\COURS GE4\S8\Projet GES8\Rapport\rapport2\images\Partie Rice cooker\15_Ice d.png","C:\Users\rudyv\Documents\COURS GE4\S8\Projet GES8\Rapport\rapport2\images\Partie Rice cooker\15_Ice_d.png","15_Ice d.png","15_Ice_d.png"
"C:\Users\rudyv\Documents\COURS GE4\S8\Projet GES8\Rapport\rapport2\images\Partie Rice cooker\20_bobine caractéristiques.png","C:\Users\rudyv\Documents\COURS GE4\S8\Projet GES8\Rapport\rapport2\images\Partie Rice cooker\20_bobine_caracteristiques.png","20_bobine caractéristiques.png","20_bobine_caracteristiques.png"
"C:\Users\rudyv\Documents\COURS GE4\S8\Projet GES8\Rapport\rapport2\images\Partie Rice cooker\21_bobine aspect extérieur.png","C:\Users\rudyv\Documents\COURS GE4\S8\Projet GES8\Rapport\rapport2\images\Partie Rice cooker\21_bobine_aspect_exterieur.png","21_bobine aspect extérieur.png","21_bobine_aspect_exterieur.png"
"C:\Users\rudyv\Documents\COURS GE4\S8\Projet GES8\Rapport\rapport2\images\Partie Rice cooker\22_capacité d_entrée.png","C:\Users\rudyv\Documents\COURS GE4\S8\Projet GES8\Rapport\rapport2\images\Partie Rice cooker\22_capacite_d_entree.png","22_capacité d_entrée.png","22_capacite_d_entree.png"
"C:\Users\rudyv\Documents\COURS GE4\S8\Projet GES8\Rapport\rapport2\images\Partie Rice cooker\23_Capacité de sortie.png","C:\Users\rudyv\Documents\COURS GE4\S8\Projet GES8\Rapport\rapport2\images\Partie Rice cooker\23_Capacite_de_sortie.png","23_Capacité de sortie.png","23_Capacite_de_sortie.png"
"C:\Users\rudyv\Documents\COURS GE4\S8\Projet GES8\Rapport\rapport2\images\Partie Rice cooker\24_Filtre classe A 5 15.png","C:\Users\rudyv\Documents\COURS GE4\S8\Projet GES8\Rapport\rapport2\images\Partie Rice cooker\24_Filtre_classe_A_5_15.png","24_Filtre classe A 5 15.png","24_Filtre_classe_A_5_15.png"
"C:\Users\rudyv\Documents\COURS GE4\S8\Projet GES8\Rapport\rapport2\images\Partie Rice cooker\25_Courbe chute capacité en fonction de la tension ( 5_15 filtre).PNG","C:\Users\rudyv\Documents\COURS GE4\S8\Projet GES8\Rapport\rapport2\images\Partie Rice cooker\25_Courbe_chute_capacite_en_fonction_de_la_tension___5_15_filtre_.PNG","25_Courbe chute capacité en fonction de la tension ( 5_15 filtre).PNG","25_Courbe_chute_capacite_en_fonction_de_la_tension___5_15_filtre_.PNG"
"C:\Users\rudyv\Documents\COURS GE4\S8\Projet GES8\Rapport\rapport2\images\Partie Rice cooker\26_SCHEMA PROTEUS VERSION1.pdf","C:\Users\rudyv\Documents\COURS GE4\S8\Projet GES8\Rapport\rapport2\images\Partie Rice cooker\26_SCHEMA_PROTEUS_VERSION1.pdf","26_SCHEMA PROTEUS VERSION1.pdf","26_SCHEMA_PROTEUS_VERSION1.pdf"
"C:\Users\rudyv\Documents\COURS GE4\S8\Projet GES8\Rapport\rapport2\images\Partie Rice cooker\26_SCHEMA PROTEUS VERSION1.pdf_tex","C:\Users\rudyv\Documents\COURS GE4\S8\Projet GES8\Rapport\rapport2\images\Partie Rice cooker\26_SCHEMA_PROTEUS_VERSION1.pdf_tex","26_SCHEMA PROTEUS VERSION1.pdf_tex","26_SCHEMA_PROTEUS_VERSION1.pdf_tex"
"C:\Users\rudyv\Documents\COURS GE4\S8\Projet GES8\Rapport\rapport2\images\Partie Rice cooker\26_SCHEMA PROTEUS VERSION1.svg","C:\Users\rudyv\Documents\COURS GE4\S8\Projet GES8\Rapport\rapport2\images\Partie Rice cooker\26_SCHEMA_PROTEUS_VERSION1.svg","26_SCHEMA PROTEUS VERSION1.svg","26_SCHEMA_PROTEUS_VERSION1.svg"
"C:\Users\rudyv\Documents\COURS GE4\S8\Projet GES8\Rapport\rapport2\images\Partie Rice cooker\27_PCB VERSION 1.PNG","C:\Users\rudyv\Documents\COURS GE4\S8\Projet GES8\Rapport\rapport2\images\Partie Rice cooker\27_PCB_VERSION_1.PNG","27_PCB VERSION 1.PNG","27_PCB_VERSION_1.PNG"
"C:\Users\rudyv\Documents\COURS GE4\S8\Projet GES8\Rapport\rapport2\images\Partie Rice cooker\28_Schéma contact rice cooker.png","C:\Users\rudyv\Documents\COURS GE4\S8\Projet GES8\Rapport\rapport2\images\Partie Rice cooker\28_Schema_contact_rice_cooker.png","28_Schéma contact rice cooker.png","28_Schema_contact_rice_cooker.png"
"C:\Users\rudyv\Documents\COURS GE4\S8\Projet GES8\Rapport\rapport2\images\Partie USB-B\01_Schéma extrait de la datasheet.png","C:\Users\rudyv\Documents\COURS GE4\S8\Projet GES8\Rapport\rapport2\images\Partie USB-B\01_Schema_extrait_de_la_datasheet.png","01_Schéma extrait de la datasheet.png","01_Schema_extrait_de_la_datasheet.png"
"C:\Users\rudyv\Documents\COURS GE4\S8\Projet GES8\Rapport\rapport2\images\Partie USB-B\02_Schéma Proteus.pdf","C:\Users\rudyv\Documents\COURS GE4\S8\Projet GES8\Rapport\rapport2\images\Partie USB-B\02_Schema_Proteus.pdf","02_Schéma Proteus.pdf","02_Schema_Proteus.pdf"
"C:\Users\rudyv\Documents\COURS GE4\S8\Projet GES8\Rapport\rapport2\images\Partie USB-B\02_Schéma Proteus.pdf_tex","C:\Users\rudyv\Documents\COURS GE4\S8\Projet GES8\Rapport\rapport2\images\Partie USB-B\02_Schema_Proteus.pdf_tex","02_Schéma Proteus.pdf_tex","02_Schema_Proteus.pdf_tex"
"C:\Users\rudyv\Documents\COURS GE4\S8\Projet GES8\Rapport\rapport2\images\Partie USB-B\02_Schéma Proteus.svg","C:\Users\rudyv\Documents\COURS GE4\S8\Projet GES8\Rapport\rapport2\images\Partie USB-B\02_Schema_Proteus.svg","02_Schéma Proteus.svg","02_Schema_Proteus.svg"
"C:\Users\rudyv\Documents\COURS GE4\S8\Projet GES8\Rapport\rapport2\images\Partie USB-C\01_Schéma d_application typique du LM5116 illustrant le pilotage intégré des MOSFETs de puissance (Source _ Datasheet Texas Instruments).png","C:\Users\rudyv\Documents\COURS GE4\S8\Projet GES8\Rapport\rapport2\images\Partie USB-C\01_Schema_d_application_typique_du_LM5116_illustrant_le_pilotage_integre_des_MOSFETs_de_puissance__Source___Datasheet_Texas_Instruments_.png","01_Schéma d_application typique du LM5116 illustrant le pilotage intégré des MOSFETs de puissance (Source _ Datasheet Texas Instruments).png","01_Schema_d_application_typique_du_LM5116_illustrant_le_pilotage_integre_des_MOSFETs_de_puissance__Source___Datasheet_Texas_Instruments_.png"
"C:\Users\rudyv\Documents\COURS GE4\S8\Projet GES8\Rapport\rapport2\images\Partie USB-C\02_Schéma de simulation PSIM du convertisseur Buck Synchrone avec les valeurs théoriques calculées.png","C:\Users\rudyv\Documents\COURS GE4\S8\Projet GES8\Rapport\rapport2\images\Partie USB-C\02_Schema_de_simulation_PSIM_du_convertisseur_Buck_Synchrone_avec_les_valeurs_theoriques_calculees.png","02_Schéma de simulation PSIM du convertisseur Buck Synchrone avec les valeurs théoriques calculées.png","02_Schema_de_simulation_PSIM_du_convertisseur_Buck_Synchrone_avec_les_valeurs_theoriques_calculees.png"
"C:\Users\rudyv\Documents\COURS GE4\S8\Projet GES8\Rapport\rapport2\images\Partie USB-C\03_Relevés de la simulation théorique (Tension de sortie V(Cs) en rouge, Courant d_inductance I(L) en vert).png","C:\Users\rudyv\Documents\COURS GE4\S8\Projet GES8\Rapport\rapport2\images\Partie USB-C\03_Releves_de_la_simulation_theorique__Tension_de_sortie_V_Cs__en_rouge__Courant_d_inductance_I_L__en_vert_.png","03_Relevés de la simulation théorique (Tension de sortie V(Cs) en rouge, Courant d_inductance I(L) en vert).png","03_Releves_de_la_simulation_theorique__Tension_de_sortie_V_Cs__en_rouge__Courant_d_inductance_I_L__en_vert_.png"
"C:\Users\rudyv\Documents\COURS GE4\S8\Projet GES8\Rapport\rapport2\images\Partie USB-C\04_Modèle PSIM réaliste intégrant l_asservissement PI, les temps morts et les éléments parasites.png","C:\Users\rudyv\Documents\COURS GE4\S8\Projet GES8\Rapport\rapport2\images\Partie USB-C\04_Modele_PSIM_realiste_integrant_l_asservissement_PI__les_temps_morts_et_les_elements_parasites.png","04_Modèle PSIM réaliste intégrant l_asservissement PI, les temps morts et les éléments parasites.png","04_Modele_PSIM_realiste_integrant_l_asservissement_PI__les_temps_morts_et_les_elements_parasites.png"
"C:\Users\rudyv\Documents\COURS GE4\S8\Projet GES8\Rapport\rapport2\images\Partie USB-C\05_Zoom sur les signaux de commande des MOSFETs illustrant le Temps Mort (Dead-Time)..png","C:\Users\rudyv\Documents\COURS GE4\S8\Projet GES8\Rapport\rapport2\images\Partie USB-C\05_Zoom_sur_les_signaux_de_commande_des_MOSFETs_illustrant_le_Temps_Mort__Dead-Time__.png","05_Zoom sur les signaux de commande des MOSFETs illustrant le Temps Mort (Dead-Time)..png","05_Zoom_sur_les_signaux_de_commande_des_MOSFETs_illustrant_le_Temps_Mort__Dead-Time__.png"
"C:\Users\rudyv\Documents\COURS GE4\S8\Projet GES8\Rapport\rapport2\images\Partie USB-C\06_Relevés en régime permanent du convertisseur avec boucle de régulation (Courant d_inductance, Tension d_entrée et Tension de sortie).png","C:\Users\rudyv\Documents\COURS GE4\S8\Projet GES8\Rapport\rapport2\images\Partie USB-C\06_Releves_en_regime_permanent_du_convertisseur_avec_boucle_de_regulation__Courant_d_inductance__Tension_d_entree_et_Tension_de_sortie_.png","06_Relevés en régime permanent du convertisseur avec boucle de régulation (Courant d_inductance, Tension d_entrée et Tension de sortie).png","06_Releves_en_regime_permanent_du_convertisseur_avec_boucle_de_regulation__Courant_d_inductance__Tension_d_entree_et_Tension_de_sortie_.png"
"C:\Users\rudyv\Documents\COURS GE4\S8\Projet GES8\Rapport\rapport2\images\Partie USB-C\07_Schéma Webench complet intégrant l_intégralité des composants passifs périphériques..png","C:\Users\rudyv\Documents\COURS GE4\S8\Projet GES8\Rapport\rapport2\images\Partie USB-C\07_Schema_Webench_complet_integrant_l_integralite_des_composants_passifs_peripheriques_.png","07_Schéma Webench complet intégrant l_intégralité des composants passifs périphériques..png","07_Schema_Webench_complet_integrant_l_integralite_des_composants_passifs_peripheriques_.png"
"C:\Users\rudyv\Documents\COURS GE4\S8\Projet GES8\Rapport\rapport2\images\Partie USB-C\08_Référence du convertisseur DC_DC 5V vers 12V (Farnell) utilisé pour l_alimentation logique..png","C:\Users\rudyv\Documents\COURS GE4\S8\Projet GES8\Rapport\rapport2\images\Partie USB-C\08_Reference_du_convertisseur_DC_DC_5V_vers_12V__Farnell__utilise_pour_l_alimentation_logique_.png","08_Référence du convertisseur DC_DC 5V vers 12V (Farnell) utilisé pour l_alimentation logique..png","08_Reference_du_convertisseur_DC_DC_5V_vers_12V__Farnell__utilise_pour_l_alimentation_logique_.png"
"C:\Users\rudyv\Documents\COURS GE4\S8\Projet GES8\Rapport\rapport2\images\Partie USB-C\09_Simulation de l_ondulation de la tension de sortie (Vout) et du courant capacitif (Icout) en régime permanent sous 5A.png","C:\Users\rudyv\Documents\COURS GE4\S8\Projet GES8\Rapport\rapport2\images\Partie USB-C\09_Simulation_de_l_ondulation_de_la_tension_de_sortie__Vout__et_du_courant_capacitif__Icout__en_regime_permanent_sous_5A.png","09_Simulation de l_ondulation de la tension de sortie (Vout) et du courant capacitif (Icout) en régime permanent sous 5A.png","09_Simulation_de_l_ondulation_de_la_tension_de_sortie__Vout__et_du_courant_capacitif__Icout__en_regime_permanent_sous_5A.png"
"C:\Users\rudyv\Documents\COURS GE4\S8\Projet GES8\Rapport\rapport2\images\Partie USB-C\10_Réponse de la tension (Vout) face à un changement brutal du courant demandé (Iout).png","C:\Users\rudyv\Documents\COURS GE4\S8\Projet GES8\Rapport\rapport2\images\Partie USB-C\10_Reponse_de_la_tension__Vout__face_a_un_changement_brutal_du_courant_demande__Iout_.png","10_Réponse de la tension (Vout) face à un changement brutal du courant demandé (Iout).png","10_Reponse_de_la_tension__Vout__face_a_un_changement_brutal_du_courant_demande__Iout_.png"
"C:\Users\rudyv\Documents\COURS GE4\S8\Projet GES8\Rapport\rapport2\images\Partie USB-C\11_Schéma USB-C.pdf","C:\Users\rudyv\Documents\COURS GE4\S8\Projet GES8\Rapport\rapport2\images\Partie USB-C\11_Schema_USB-C.pdf","11_Schéma USB-C.pdf","11_Schema_USB-C.pdf"
"C:\Users\rudyv\Documents\COURS GE4\S8\Projet GES8\Rapport\rapport2\images\Partie USB-C\12_PCB carte USB-C.png","C:\Users\rudyv\Documents\COURS GE4\S8\Projet GES8\Rapport\rapport2\images\Partie USB-C\12_PCB_carte_USB-C.png","12_PCB carte USB-C.png","12_PCB_carte_USB-C.png"
"C:\Users\rudyv\Documents\COURS GE4\S8\Projet GES8\Rapport\rapport2\images\Partie USB-C\13_USB-C PROTEUS.pdsprj","C:\Users\rudyv\Documents\COURS GE4\S8\Projet GES8\Rapport\rapport2\images\Partie USB-C\13_USB-C_PROTEUS.pdsprj","13_USB-C PROTEUS.pdsprj","13_USB-C_PROTEUS.pdsprj"
"C:\Users\rudyv\Documents\COURS GE4\S8\Projet GES8\Rapport\rapport2\images\Partie USB-C\Schéma USB-C.pdf_tex","C:\Users\rudyv\Documents\COURS GE4\S8\Projet GES8\Rapport\rapport2\images\Partie USB-C\Schema_USB-C.pdf_tex","Schéma USB-C.pdf_tex","Schema_USB-C.pdf_tex"
"C:\Users\rudyv\Documents\COURS GE4\S8\Projet GES8\Rapport\rapport2\images\Partie USB-C\Schéma USB-C.svg","C:\Users\rudyv\Documents\COURS GE4\S8\Projet GES8\Rapport\rapport2\images\Partie USB-C\Schema_USB-C.svg","Schéma USB-C.svg","Schema_USB-C.svg"
